{
  "id": "f8183cd5-9654-4238-a1e4-97b8d4a88a43",
  "name": "Business-type",
  "isOverridable": true,
  "entries": [
    {
      "value": "IT",
      "synonyms": [
        "IT",
        "software",
        "Information technology"
      ]
    },
    {
      "value": "cloths",
      "synonyms": [
        "cloths",
        "textile"
      ]
    },
    {
      "value": "food",
      "synonyms": [
        "food",
        "refreshment",
        "food and beverages",
        "hotel",
        "restaurant"
      ]
    },
    {
      "value": "web development",
      "synonyms": [
        "web development"
      ]
    }
  ],
  "isEnum": false,
  "automatedExpansion": false
}