{
  "id": "53953148-d131-46d6-81c7-a0456d42520b",
  "name": "technologies",
  "isOverridable": true,
  "entries": [
    {
      "value": "asp.net",
      "synonyms": [
        "asp.net"
      ]
    },
    {
      "value": "java",
      "synonyms": [
        "java",
        "j2ee",
        "j2se"
      ]
    },
    {
      "value": "windows",
      "synonyms": [
        "windows",
        "desktop"
      ]
    },
    {
      "value": "UWP",
      "synonyms": [
        "UWP",
        "universal windows platform"
      ]
    },
    {
      "value": "mobile development",
      "synonyms": [
        "mobile development",
        "android",
        "iOS",
        "windows phone",
        "xamarin"
      ]
    },
    {
      "value": "firebase",
      "synonyms": [
        "firebase"
      ]
    },
    {
      "value": "conversational UI",
      "synonyms": [
        "conversational UI",
        "actions on google",
        "cortana",
        "siri",
        "google now"
      ]
    },
    {
      "value": "azure",
      "synonyms": [
        "azure",
        "MS azure",
        "microsoft azure"
      ]
    },
    {
      "value": "MS office",
      "synonyms": [
        "MS office",
        "microsoft office"
      ]
    },
    {
      "value": "google cloud",
      "synonyms": [
        "google cloud",
        "google app engine",
        "google cloud platform"
      ]
    },
    {
      "value": "AMP",
      "synonyms": [
        "AMP",
        "accelerated mobile pages"
      ]
    },
    {
      "value": "web development",
      "synonyms": [
        "web development",
        "web designing"
      ]
    },
    {
      "value": "javascript",
      "synonyms": [
        "javascript",
        "ES5",
        "ES6",
        "ECMAScript 2015",
        "typescript"
      ]
    },
    {
      "value": "Angular",
      "synonyms": [
        "Angular",
        "AngularJS"
      ]
    },
    {
      "value": "React",
      "synonyms": [
        "React",
        "redux"
      ]
    },
    {
      "value": "JQuery",
      "synonyms": [
        "JQuery",
        "JQueryUI"
      ]
    },
    {
      "value": "python",
      "synonyms": [
        "python"
      ]
    },
    {
      "value": "c",
      "synonyms": [
        "c",
        "c++",
        "c plus plus",
        "c sharp",
        "c#",
        "turbo c",
        "turbo c++"
      ]
    },
    {
      "value": "IoT",
      "synonyms": [
        "IoT",
        "internet of things",
        "embedded systems"
      ]
    },
    {
      "value": "NodeJS",
      "synonyms": [
        "NodeJS",
        "Node",
        "Node.JS",
        "Node JS"
      ]
    },
    {
      "value": "Amazon web services",
      "synonyms": [
        "Amazon web services",
        "AWS"
      ]
    }
  ],
  "isEnum": false,
  "automatedExpansion": true
}