{
  "id": "73eb92c3-c360-4f9e-95e3-c6e880aa4d2d",
  "name": "celebrity-areas",
  "isOverridable": true,
  "entries": [
    {
      "value": "cricketers",
      "synonyms": [
        "virat kohli",
        "mahendra singh dhoni"
      ]
    },
    {
      "value": "actors",
      "synonyms": [
        "akshay kumar",
        "salman khan"
      ]
    },
    {
      "value": "singers",
      "synonyms": [
        "sonu nigam",
        "arjit singh"
      ]
    },
    {
      "value": "sachin",
      "synonyms": [
        "sachin"
      ]
    },
    {
      "value": "anu malik",
      "synonyms": [
        "anu malik"
      ]
    }
  ],
  "isEnum": false,
  "automatedExpansion": false
}