{
  "id": "f903f7d0-b35d-4928-9dd2-288905abfce3",
  "name": "artist",
  "isOverridable": true,
  "entries": [
    {
      "value": "Daft Punk",
      "synonyms": [
        "Daft Punk"
      ]
    },
    {
      "value": "Eminem",
      "synonyms": [
        "Eminem"
      ]
    },
    {
      "value": "Foo Fighters",
      "synonyms": [
        "Foo Fighters"
      ]
    },
    {
      "value": "Lady Gaga",
      "synonyms": [
        "Lady Gaga"
      ]
    },
    {
      "value": "Metallica",
      "synonyms": [
        "Metallica"
      ]
    },
    {
      "value": "Nine Inch Nails",
      "synonyms": [
        "Nine Inch Nails",
        "NIN"
      ]
    },
    {
      "value": "Oasis",
      "synonyms": [
        "Oasis"
      ]
    },
    {
      "value": "Pink Floyd",
      "synonyms": [
        "Pink Floyd",
        "Pink",
        "P!NK"
      ]
    },
    {
      "value": "Placebo",
      "synonyms": [
        "Placebo"
      ]
    },
    {
      "value": "Queen",
      "synonyms": [
        "Queen"
      ]
    },
    {
      "value": "Red Hot Chili Peppers",
      "synonyms": [
        "Red Hot Chili Peppers",
        "RHCP"
      ]
    },
    {
      "value": "Rolling Stones",
      "synonyms": [
        "Rolling Stones"
      ]
    },
    {
      "value": "The Beastie Boys",
      "synonyms": [
        "The Beastie Boys"
      ]
    },
    {
      "value": "Tracy Lawrence",
      "synonyms": [
        "Tracy Lawrence"
      ]
    },
    {
      "value": "Years \u0026 Years",
      "synonyms": [
        "Years \u0026 Years",
        "Years and Years"
      ]
    },
    {
      "value": "One Direction",
      "synonyms": [
        "One Direction",
        "1D",
        "Liam Payne"
      ]
    },
    {
      "value": "Arijit Singh",
      "synonyms": [
        "Arijit Singh"
      ]
    },
    {
      "value": "Amaan Malik",
      "synonyms": [
        "Amaan Malik"
      ]
    },
    {
      "value": "Atif Aslam",
      "synonyms": [
        "Atif Aslam"
      ]
    },
    {
      "value": "Honey Singh",
      "synonyms": [
        "Honey Singh",
        "Yo Yo honey singh"
      ]
    },
    {
      "value": "Badshaah",
      "synonyms": [
        "Badshaah"
      ]
    }
  ],
  "isEnum": false,
  "automatedExpansion": true
}