{
  "id": "ff479f4b-39c6-4b8b-8698-3aa6be51c8b2",
  "name": "Genre",
  "isOverridable": true,
  "entries": [
    {
      "value": "Pop",
      "synonyms": [
        "Pop"
      ]
    },
    {
      "value": "Rock",
      "synonyms": [
        "Rock"
      ]
    },
    {
      "value": "R and B",
      "synonyms": [
        "R and B"
      ]
    },
    {
      "value": "EDM",
      "synonyms": [
        "EDM"
      ]
    },
    {
      "value": "Country music",
      "synonyms": [
        "Country music"
      ]
    },
    {
      "value": "Patriotic",
      "synonyms": [
        "Patriotic"
      ]
    },
    {
      "value": "Bollywood mix",
      "synonyms": [
        "Bollywood mix"
      ]
    }
  ],
  "isEnum": false,
  "automatedExpansion": true
}