{
  "id": "8d9b2ea1-ad64-4221-a78d-146151c802fa",
  "name": "playlist",
  "isOverridable": true,
  "entries": [
    {
      "value": "work",
      "synonyms": [
        "work"
      ]
    },
    {
      "value": "study",
      "synonyms": [
        "study"
      ]
    },
    {
      "value": "workout",
      "synonyms": [
        "workout"
      ]
    },
    {
      "value": "relax",
      "synonyms": [
        "relax"
      ]
    },
    {
      "value": "morning",
      "synonyms": [
        "morning"
      ]
    }
  ],
  "isEnum": false,
  "automatedExpansion": false
}