{
  "id": "e33b1190-07f3-47b8-a12d-3868569fc957",
  "name": "song",
  "isOverridable": true,
  "entries": [
    {
      "value": "Angie",
      "synonyms": [
        "Angie"
      ]
    },
    {
      "value": "Best of You",
      "synonyms": [
        "Best of You"
      ]
    },
    {
      "value": "Bohemian Rhapsody",
      "synonyms": [
        "Bohemian Rhapsody"
      ]
    },
    {
      "value": "Closer",
      "synonyms": [
        "Closer"
      ]
    },
    {
      "value": "Comfortably Numb",
      "synonyms": [
        "Comfortably Numb"
      ]
    },
    {
      "value": "Don\u0027t Stop Me Now",
      "synonyms": [
        "Don\u0027t Stop Me Now"
      ]
    },
    {
      "value": "Enter Sandman",
      "synonyms": [
        "Enter Sandman"
      ]
    },
    {
      "value": "Fade to Black",
      "synonyms": [
        "Fade to Black"
      ]
    },
    {
      "value": "Head Like a Hole",
      "synonyms": [
        "Head Like a Hole"
      ]
    },
    {
      "value": "Hey You",
      "synonyms": [
        "Hey You"
      ]
    },
    {
      "value": "High Hopes",
      "synonyms": [
        "High Hopes"
      ]
    },
    {
      "value": "Hurt",
      "synonyms": [
        "Hurt"
      ]
    },
    {
      "value": "I Want To Break Free",
      "synonyms": [
        "I Want To Break Free"
      ]
    },
    {
      "value": "Master of Puppets",
      "synonyms": [
        "Master of Puppets"
      ]
    },
    {
      "value": "Nothing Else Matters",
      "synonyms": [
        "Nothing Else Matters"
      ]
    },
    {
      "value": "Paint It Black",
      "synonyms": [
        "Paint It Black"
      ]
    },
    {
      "value": "Satisfaction",
      "synonyms": [
        "Satisfaction"
      ]
    },
    {
      "value": "Shine On You Crazy Diamond",
      "synonyms": [
        "Shine On You Crazy Diamond"
      ]
    },
    {
      "value": "Shut Up and Dance",
      "synonyms": [
        "Shut Up and Dance With Me",
        "\"Shut Up and Dance\""
      ]
    },
    {
      "value": "Somebody to Love",
      "synonyms": [
        "Somebody to Love"
      ]
    },
    {
      "value": "Sympathy for the Devil",
      "synonyms": [
        "Sympathy for the Devil"
      ]
    },
    {
      "value": "Terrible Lie",
      "synonyms": [
        "Terrible Lie"
      ]
    },
    {
      "value": "The Hand That Feeds",
      "synonyms": [
        "The Hand That Feeds"
      ]
    },
    {
      "value": "The Perfect Drug",
      "synonyms": [
        "The Perfect Drug"
      ]
    },
    {
      "value": "The Unforgiven",
      "synonyms": [
        "The Unforgiven"
      ]
    },
    {
      "value": "We Will Rock You",
      "synonyms": [
        "We Will Rock You"
      ]
    },
    {
      "value": "Wild Horses",
      "synonyms": [
        "Wild Horses"
      ]
    },
    {
      "value": "Wish You Were Here",
      "synonyms": [
        "Wish You Were Here"
      ]
    },
    {
      "value": "Californication",
      "synonyms": [
        "Californication"
      ]
    },
    {
      "value": "Under the Bridge",
      "synonyms": [
        "Under the Bridge"
      ]
    },
    {
      "value": "Can\u0027t Stop",
      "synonyms": [
        "Can\u0027t Stop",
        "Can t Stop"
      ]
    },
    {
      "value": "Dark Necessities",
      "synonyms": [
        "Dark Necessities"
      ]
    },
    {
      "value": "Otherside",
      "synonyms": [
        "Otherside"
      ]
    },
    {
      "value": "Every You Every Me",
      "synonyms": [
        "Every You Every Me"
      ]
    },
    {
      "value": "Bitter End",
      "synonyms": [
        "Bitter End"
      ]
    },
    {
      "value": "Running up That Hill",
      "synonyms": [
        "Running up That Hill"
      ]
    },
    {
      "value": "Pure Morning",
      "synonyms": [
        "Pure Morning"
      ]
    },
    {
      "value": "Song to Say Goodbye",
      "synonyms": [
        "Song to Say Goodbye"
      ]
    },
    {
      "value": "Get Lucky",
      "synonyms": [
        "Get Lucky"
      ]
    },
    {
      "value": "One More Time",
      "synonyms": [
        "One More Time"
      ]
    },
    {
      "value": "Harder Better Faster Stronger",
      "synonyms": [
        "Harder, Better, Faster, Stronger",
        "Harder Better Faster Stronger"
      ]
    },
    {
      "value": "Lose Yourself to Dance",
      "synonyms": [
        "Lose Yourself to Dance"
      ]
    },
    {
      "value": "Instant Crush",
      "synonyms": [
        "Instant Crush"
      ]
    },
    {
      "value": "Bad Romance",
      "synonyms": [
        "Bad Romance"
      ]
    },
    {
      "value": "Poker Face",
      "synonyms": [
        "Poker Face"
      ]
    },
    {
      "value": "Perfect Illusion",
      "synonyms": [
        "Perfect Illusion"
      ]
    },
    {
      "value": "Alejandro",
      "synonyms": [
        "Alejandro"
      ]
    },
    {
      "value": "Born This Way",
      "synonyms": [
        "Born This Way"
      ]
    },
    {
      "value": "Love the Way You Lie",
      "synonyms": [
        "Love the Way You Lie"
      ]
    },
    {
      "value": "Rap God",
      "synonyms": [
        "Rap God"
      ]
    },
    {
      "value": "Lose Yourself",
      "synonyms": [
        "Lose Yourself"
      ]
    },
    {
      "value": "Not Afraid",
      "synonyms": [
        "Not Afraid"
      ]
    },
    {
      "value": "Without Me",
      "synonyms": [
        "Without Me"
      ]
    }
  ],
  "isEnum": false,
  "automatedExpansion": true
}