{
  "id": "08262484-e26d-4dab-ba1f-d05dfc4a22e9",
  "name": "famousplaces",
  "isOverridable": true,
  "entries": [
    {
      "value": "fatehsagar",
      "synonyms": [
        "fs",
        "nehrugarden"
      ]
    },
    {
      "value": "ambrai",
      "synonyms": [
        "ambrai"
      ]
    },
    {
      "value": "jagdish chowk",
      "synonyms": [
        "jagdish chowk",
        "old city"
      ]
    },
    {
      "value": "pichola",
      "synonyms": [
        "pichola",
        "ganghorghat"
      ]
    },
    {
      "value": "badi lake",
      "synonyms": [
        "badi lake",
        "badi"
      ]
    },
    {
      "value": "citypalace",
      "synonyms": [
        "citypalace"
      ]
    }
  ],
  "isEnum": false,
  "automatedExpansion": false
}