{
  "id": "05d4e280-a20a-4e63-a340-234935b436f2",
  "name": "help",
  "isOverridable": true,
  "entries": [
    {
      "value": "feedback",
      "synonyms": [
        "feedback",
        "complain",
        "appreciation"
      ]
    },
    {
      "value": "suggestions",
      "synonyms": [
        "suggestions"
      ]
    },
    {
      "value": "join",
      "synonyms": [
        "join",
        "become member"
      ]
    },
    {
      "value": "partner",
      "synonyms": [
        "partner",
        "partnership",
        "collaborate"
      ]
    },
    {
      "value": "intro",
      "synonyms": [
        "intro",
        "introduce"
      ]
    }
  ],
  "isEnum": false,
  "automatedExpansion": false
}